https://hometownpaintingokc.com/best-exterior-paint-oklahoma-weather/	post
https://hometownpaintingokc.com/how-to-choose-exterior-paint-colors-for-your-oklahoma-home/	post
https://hometownpaintingokc.com/why-exterior-paint-fades-peels-cracks-oklahoma/	post
https://hometownpaintingokc.com/best-time-of-year-paint-exterior-oklahoma/	post
https://hometownpaintingokc.com/exterior-painting-prep-work-oklahoma-city/	post
https://hometownpaintingokc.com/signs-you-need-exterior-painting-oklahoma/	post
https://hometownpaintingokc.com/how-often-repaint-oklahoma-city/	post
https://hometownpaintingokc.com/paint-colors-that-make-your-home-relaxing/	post
https://hometownpaintingokc.com/should-i-stain-my-fence/	post
https://hometownpaintingokc.com/what-is-the-best-outdoor-stain-for-okc/	post
https://hometownpaintingokc.com/how-to-choose-the-best-sheen-or-gloss/	post
https://hometownpaintingokc.com/which-paint-should-i-use-on-trim-and-doors/	post
https://hometownpaintingokc.com/cost-to-stain-a-fence-okc/	post
https://hometownpaintingokc.com/exterior-lime-wash-edmond-ok/	post
https://hometownpaintingokc.com/commercial-painting-in-yukon-ok-victory-baptist-church/	post
https://hometownpaintingokc.com/should-paint-kitchen-cabinets/	post
https://hometownpaintingokc.com/choosing-exterior-paint-colors/	post
https://hometownpaintingokc.com/can-a-gray-fence-or-deck-be-stained/	post
https://hometownpaintingokc.com/how-long-does-outdoor-stain-last/	post
https://hometownpaintingokc.com/how-to-choose-a-fence-stain-color/	post
https://hometownpaintingokc.com/why-are-painters-prices-different/	post
https://hometownpaintingokc.com/should-i-hire-a-fence-staining-pro/	post
https://hometownpaintingokc.com/is-spraying-or-rolling-better/	post
https://hometownpaintingokc.com/brick-painting-okc/	post
https://hometownpaintingokc.com/siding-staining-express-clydesdale-barns/	post
https://hometownpaintingokc.com/painting-metal-siding-on-an-oklahoma-city-shop/	post
https://hometownpaintingokc.com/the-ultimate-guide-to-fixing-water-stains-on-walls-and-trim/	post
https://hometownpaintingokc.com/	page
https://hometownpaintingokc.com/interior-painting-okc/	page
https://hometownpaintingokc.com/house-painting-contractors-okc-professional-painters-oklahoma-city/	page
https://hometownpaintingokc.com/blog/	page
https://hometownpaintingokc.com/professional-drywall-repair-oklahoma-city-hometown-painting-okc/	page
https://hometownpaintingokc.com/pricing/exterior-painting-cost-oklahoma-city/	page
https://hometownpaintingokc.com/professional-pressure-washing-oklahoma-city-hometown-painting-okc/	page
https://hometownpaintingokc.com/exterior-painting/deck-staining-okc-professional-deck-staining-services-in-oklahoma-city/professional-deck-staining-okc-hometown-painting-oklahoma-city/	page
https://hometownpaintingokc.com/exterior-painting/deck-staining-okc-professional-deck-staining-services-in-oklahoma-city/	page
https://hometownpaintingokc.com/exterior-painting-oklahoma-city/	page
https://hometownpaintingokc.com/mesta-park/	page
https://hometownpaintingokc.com/fence-staining-okc/	page
https://hometownpaintingokc.com/thank-you/	page
https://hometownpaintingokc.com/exterior-painting/	page
https://hometownpaintingokc.com/gallery/	page
https://hometownpaintingokc.com/commercial-painters-oklahoma-city/	page
https://hometownpaintingokc.com/cabinet-painting-okc/	page
https://hometownpaintingokc.com/painters/	page
https://hometownpaintingokc.com/interior-painting/	page
https://hometownpaintingokc.com/privacy-policy/	page
https://hometownpaintingokc.com/pricing/	page
https://hometownpaintingokc.com/professional-painters-okc/	page
https://hometownpaintingokc.com/contact-us/	page
https://hometownpaintingokc.com/painting-estimate/	page
https://hometownpaintingokc.com/link-tree/	page
https://hometownpaintingokc.com/wall-painting-okc/	page
https://hometownpaintingokc.com/reviews/	page
https://hometownpaintingokc.com/pergola-staining-okc/	page
https://hometownpaintingokc.com/painters-mustang-ok/	page
https://hometownpaintingokc.com/pricing/interior-pricing/	page
https://hometownpaintingokc.com/painters-yukon-ok/	page
https://hometownpaintingokc.com/okc-fence-stain-colors/	page
https://hometownpaintingokc.com/painters-edmond-ok/	page
https://hometownpaintingokc.com/painters-bethany-ok/	page
https://hometownpaintingokc.com/terms-conditions/	page
https://hometownpaintingokc.com/disclaimer/	page
https://hometownpaintingokc.com/professional-painters-okc/warranty/	page
